<?xml version="1.0" encoding="UTF-8" standalone="yes"?>
<addon id="service.playlist.orangetv" name="Playlist OrangeTV" version="0.1" provider-name="JiRo, úprava addon Štěpána Orta, upravený pre OrangeTV">
  <requires>
    <import addon="xbmc.python" version="2.1.0"/>
    <import addon="script.module.requests" version="2.7.0"/>
  </requires>
  <extension library="service.py" point="xbmc.service">
    <provides>service</provides>
  </extension>
  <extension point="xbmc.addon.metadata">
    <news>
 2019-05-08 [0.1]
 First release for OrangeTV

    </news>
    <summary>Playlist OrangeTV</summary>
    <description>Plugin to download of playlist from OrangeTV Slovakia broadcasting service</description>
    <description lang="cs">Plugin pro stažení playlistu ze služby OrangeTV Slovensko</description>
	<description lang="sk">Plugin pre stiahnutie playlistu zo služby OrangeTV Slovensko</description>
    <platform>all</platform>
  </extension>
</addon>
